Time,A1,A2,A3,A4,A5,A6,A7,A8,A9,A10,A11,A12,B1,B2,B3,B4,B5,B6,B7,B8,B9,B10,B11,B12,C1,C2,C3,C4,C5,C6,C7,C8,C9,C10,C11,C12,D1,D2,D3,D4,D5,D6,D7,D8,D9,D10,D11,D12,E1,E2,E3,E4,E5,E6,E7,E8,E9,E10,E11,E12,F1,F2,F3,F4,F5,F6,F7,F8,F9,F10,F11,F12,G1,G2,G3,G4,G5,G6,G7,G8,G9,G10,G11,G12,H1,H2,H3,H4,H5,H6,H7,H8,H9,H10,H11,H12
0,0.057,0.063,0.059,0.058,0.064,0.067,0.069,0.072,0.074,0.071,0.066,0.069,0.057,0.054,0.054,0.054,0.057,0.058,0.06,0.06,0.059,0.058,0.06,0.06,0.056,0.054,0.056,0.054,0.054,0.054,0.056,0.061,0.061,0.057,0.058,0.055,0.056,0.053,0.051,0.051,0.051,0.052,0.054,0.054,0.054,0.056,0.056,0.054,0.051,0.058,0.051,0.052,0.051,0.053,0.053,0.056,0.051,0.057,0.052,0.057,0.054,0.057,0.052,0.052,0.052,0.051,0.051,0.057,0.05,0.053,0.051,0.053,0.055,0.053,0.051,0.054,0.051,0.05,0.051,0.051,0.05,0.05,0.049,0.05,0.051,0.052,0.052,0.054,0.052,0.054,0.051,0.055,0.05,0.053,0.052,0.057
0.5,0.058,0.063,0.059,0.058,0.066,0.066,0.071,0.072,0.077,0.073,0.07,0.072,0.058,0.055,0.054,0.054,0.058,0.058,0.06,0.059,0.061,0.058,0.061,0.06,0.055,0.053,0.056,0.054,0.054,0.053,0.056,0.061,0.062,0.057,0.059,0.056,0.056,0.053,0.051,0.051,0.051,0.052,0.054,0.054,0.054,0.056,0.057,0.054,0.051,0.058,0.051,0.051,0.05,0.053,0.053,0.056,0.051,0.057,0.052,0.057,0.054,0.057,0.051,0.052,0.051,0.051,0.051,0.056,0.05,0.053,0.051,0.053,0.055,0.053,0.051,0.054,0.051,0.05,0.051,0.051,0.05,0.05,0.049,0.05,0.051,0.051,0.052,0.054,0.052,0.053,0.051,0.055,0.05,0.052,0.051,0.057
1,0.06,0.065,0.061,0.059,0.069,0.067,0.073,0.074,0.081,0.074,0.076,0.077,0.058,0.055,0.055,0.055,0.06,0.059,0.061,0.06,0.062,0.06,0.064,0.062,0.056,0.054,0.056,0.054,0.054,0.055,0.056,0.061,0.063,0.058,0.06,0.058,0.056,0.053,0.051,0.051,0.052,0.052,0.054,0.054,0.054,0.056,0.057,0.055,0.051,0.058,0.05,0.051,0.051,0.053,0.053,0.056,0.051,0.057,0.052,0.057,0.054,0.057,0.051,0.052,0.051,0.051,0.051,0.056,0.05,0.053,0.051,0.053,0.055,0.053,0.051,0.054,0.051,0.05,0.051,0.051,0.05,0.05,0.049,0.05,0.051,0.051,0.052,0.054,0.052,0.053,0.051,0.055,0.05,0.052,0.051,0.057
1.5,0.061,0.067,0.063,0.061,0.071,0.07,0.076,0.078,0.087,0.078,0.086,0.088,0.059,0.056,0.056,0.056,0.062,0.061,0.063,0.062,0.065,0.062,0.068,0.068,0.056,0.054,0.056,0.055,0.055,0.056,0.057,0.062,0.064,0.059,0.063,0.061,0.056,0.053,0.051,0.052,0.052,0.053,0.054,0.055,0.055,0.057,0.059,0.057,0.051,0.058,0.051,0.051,0.051,0.053,0.053,0.056,0.051,0.057,0.053,0.058,0.054,0.057,0.051,0.052,0.051,0.051,0.051,0.056,0.05,0.053,0.051,0.053,0.054,0.053,0.051,0.054,0.051,0.05,0.051,0.05,0.05,0.05,0.049,0.05,0.051,0.051,0.052,0.054,0.052,0.053,0.051,0.055,0.05,0.052,0.051,0.057
2,0.065,0.071,0.065,0.064,0.079,0.077,0.082,0.085,0.099,0.088,0.105,0.106,0.06,0.058,0.057,0.057,0.066,0.066,0.066,0.066,0.07,0.067,0.075,0.08,0.057,0.056,0.057,0.056,0.057,0.059,0.059,0.064,0.066,0.061,0.068,0.068,0.056,0.054,0.051,0.052,0.053,0.054,0.055,0.055,0.056,0.058,0.06,0.06,0.051,0.058,0.051,0.052,0.051,0.054,0.054,0.057,0.052,0.058,0.054,0.059,0.054,0.057,0.051,0.052,0.052,0.051,0.051,0.057,0.05,0.053,0.052,0.054,0.055,0.053,0.051,0.054,0.051,0.05,0.051,0.05,0.05,0.05,0.049,0.05,0.051,0.052,0.052,0.054,0.052,0.053,0.051,0.055,0.05,0.052,0.051,0.057
2.5,0.071,0.077,0.07,0.069,0.094,0.091,0.095,0.092,0.121,0.105,0.133,0.129,0.063,0.061,0.059,0.059,0.073,0.075,0.071,0.073,0.08,0.076,0.091,0.093,0.058,0.057,0.058,0.057,0.06,0.063,0.061,0.066,0.07,0.067,0.076,0.08,0.057,0.054,0.052,0.053,0.054,0.056,0.057,0.057,0.058,0.06,0.065,0.067,0.051,0.058,0.051,0.052,0.052,0.055,0.054,0.057,0.052,0.059,0.056,0.063,0.054,0.057,0.052,0.052,0.052,0.052,0.051,0.057,0.051,0.054,0.053,0.056,0.055,0.053,0.051,0.054,0.051,0.05,0.051,0.05,0.05,0.05,0.049,0.05,0.051,0.051,0.052,0.054,0.052,0.053,0.051,0.055,0.05,0.052,0.051,0.057
3,0.076,0.085,0.078,0.076,0.119,0.11,0.114,0.107,0.146,0.13,0.154,0.152,0.068,0.065,0.063,0.063,0.086,0.091,0.082,0.085,0.097,0.094,0.118,0.112,0.06,0.059,0.059,0.06,0.067,0.071,0.066,0.071,0.079,0.076,0.091,0.099,0.058,0.056,0.053,0.054,0.057,0.061,0.059,0.06,0.062,0.066,0.072,0.079,0.052,0.059,0.051,0.053,0.054,0.057,0.056,0.059,0.054,0.061,0.059,0.069,0.054,0.058,0.052,0.053,0.053,0.053,0.052,0.058,0.052,0.055,0.054,0.059,0.055,0.053,0.05,0.054,0.051,0.05,0.051,0.05,0.05,0.05,0.049,0.05,0.051,0.051,0.052,0.054,0.052,0.053,0.051,0.055,0.05,0.052,0.051,0.057
3.5,0.093,0.1,0.092,0.089,0.141,0.11,0.121,0.131,0.167,0.152,0.174,0.181,0.075,0.074,0.069,0.069,0.105,0.102,0.1,0.09,0.121,0.118,0.138,0.131,0.064,0.064,0.062,0.065,0.079,0.087,0.075,0.082,0.094,0.091,0.116,0.12,0.059,0.059,0.054,0.056,0.063,0.07,0.063,0.066,0.07,0.075,0.086,0.089,0.052,0.06,0.052,0.054,0.056,0.063,0.058,0.063,0.059,0.069,0.066,0.081,0.055,0.059,0.052,0.054,0.055,0.055,0.053,0.059,0.053,0.058,0.058,0.064,0.055,0.053,0.051,0.054,0.051,0.05,0.051,0.051,0.05,0.05,0.049,0.05,0.051,0.052,0.052,0.054,0.052,0.053,0.051,0.055,0.05,0.052,0.051,0.057
4,0.086,0.111,0.109,0.105,0.163,0.142,0.14,0.157,0.193,0.175,0.176,0.206,0.08,0.09,0.079,0.082,0.124,0.128,0.109,0.095,0.138,0.142,0.164,0.155,0.069,0.073,0.066,0.073,0.1,0.102,0.09,0.102,0.116,0.114,0.133,0.134,0.062,0.063,0.056,0.06,0.074,0.087,0.072,0.079,0.084,0.09,0.108,0.109,0.053,0.063,0.053,0.056,0.062,0.072,0.062,0.069,0.065,0.079,0.078,0.092,0.055,0.06,0.053,0.055,0.057,0.06,0.055,0.063,0.057,0.062,0.064,0.069,0.055,0.053,0.051,0.054,0.051,0.05,0.051,0.051,0.05,0.05,0.049,0.05,0.051,0.051,0.052,0.054,0.052,0.053,0.051,0.055,0.05,0.052,0.051,0.057
4.5,0.108,0.126,0.124,0.124,0.172,0.17,0.163,0.193,0.213,0.19,0.187,0.205,0.089,0.09,0.097,0.099,0.145,0.145,0.127,0.136,0.162,0.178,0.188,0.186,0.071,0.079,0.074,0.086,0.117,0.12,0.098,0.114,0.135,0.143,0.158,0.163,0.066,0.071,0.06,0.066,0.095,0.092,0.081,0.09,0.103,0.107,0.122,0.13,0.055,0.067,0.054,0.06,0.072,0.073,0.069,0.082,0.076,0.096,0.09,0.108,0.056,0.062,0.053,0.057,0.062,0.066,0.058,0.07,0.063,0.071,0.074,0.084,0.054,0.053,0.051,0.054,0.051,0.05,0.051,0.05,0.05,0.05,0.049,0.05,0.051,0.051,0.052,0.054,0.052,0.053,0.051,0.055,0.05,0.052,0.051,0.056
5,0.137,0.147,0.135,0.149,0.184,0.193,0.178,0.199,0.225,0.208,0.194,0.238,0.111,0.121,0.103,0.117,0.16,0.194,0.156,0.179,0.184,0.197,0.194,0.206,0.076,0.094,0.086,0.103,0.127,0.149,0.118,0.141,0.16,0.18,0.181,0.186,0.071,0.074,0.066,0.075,0.108,0.118,0.093,0.105,0.118,0.137,0.139,0.159,0.058,0.071,0.057,0.066,0.089,0.099,0.08,0.095,0.09,0.11,0.108,0.131,0.057,0.065,0.054,0.061,0.071,0.075,0.065,0.083,0.073,0.086,0.09,0.106,0.055,0.053,0.051,0.054,0.051,0.05,0.051,0.051,0.05,0.05,0.049,0.05,0.051,0.052,0.052,0.054,0.052,0.054,0.051,0.055,0.05,0.052,0.051,0.057
5.5,0.147,0.172,0.146,0.164,0.22,0.229,0.202,0.222,0.231,0.24,0.203,0.24,0.127,0.137,0.117,0.136,0.175,0.22,0.167,0.194,0.203,0.213,0.211,0.218,0.093,0.112,0.098,0.112,0.151,0.189,0.137,0.174,0.174,0.199,0.193,0.198,0.075,0.09,0.07,0.089,0.121,0.151,0.113,0.136,0.134,0.171,0.15,0.19,0.062,0.077,0.061,0.065,0.105,0.123,0.091,0.115,0.109,0.135,0.128,0.164,0.058,0.069,0.056,0.067,0.083,0.097,0.072,0.09,0.084,0.102,0.1,0.13,0.055,0.053,0.051,0.054,0.051,0.05,0.051,0.05,0.05,0.05,0.049,0.05,0.051,0.052,0.052,0.054,0.052,0.053,0.051,0.055,0.05,0.052,0.051,0.057
6,0.165,0.192,0.167,0.178,0.229,0.259,0.212,0.228,0.252,0.252,0.234,0.264,0.134,0.164,0.129,0.159,0.199,0.238,0.185,0.211,0.218,0.24,0.218,0.24,0.109,0.124,0.109,0.13,0.169,0.199,0.156,0.199,0.191,0.218,0.217,0.222,0.08,0.107,0.079,0.106,0.139,0.18,0.135,0.169,0.147,0.204,0.175,0.205,0.068,0.091,0.067,0.081,0.116,0.147,0.104,0.141,0.128,0.167,0.137,0.194,0.061,0.075,0.059,0.073,0.101,0.113,0.084,0.113,0.099,0.12,0.12,0.169,0.055,0.053,0.051,0.054,0.051,0.05,0.051,0.05,0.05,0.05,0.049,0.05,0.051,0.052,0.052,0.054,0.052,0.053,0.051,0.055,0.05,0.052,0.051,0.057
6.5,0.169,0.193,0.187,0.19,0.254,0.268,0.232,0.257,0.268,0.268,0.25,0.261,0.151,0.172,0.149,0.169,0.227,0.26,0.204,0.244,0.244,0.246,0.239,0.269,0.129,0.154,0.118,0.154,0.193,0.22,0.18,0.216,0.221,0.236,0.251,0.227,0.092,0.125,0.096,0.121,0.157,0.198,0.15,0.19,0.17,0.225,0.203,0.225,0.071,0.106,0.069,0.098,0.132,0.181,0.131,0.162,0.128,0.198,0.163,0.209,0.065,0.08,0.063,0.077,0.111,0.139,0.098,0.141,0.117,0.149,0.128,0.195,0.055,0.053,0.051,0.054,0.051,0.05,0.051,0.05,0.05,0.05,0.049,0.05,0.051,0.052,0.052,0.054,0.052,0.053,0.051,0.055,0.05,0.052,0.051,0.056
7,0.196,0.21,0.195,0.194,0.256,0.254,0.229,0.274,0.278,0.288,0.269,0.268,0.173,0.18,0.169,0.182,0.242,0.27,0.217,0.245,0.26,0.259,0.263,0.282,0.138,0.16,0.135,0.174,0.215,0.237,0.194,0.236,0.247,0.246,0.26,0.256,0.109,0.141,0.109,0.139,0.182,0.213,0.179,0.207,0.199,0.246,0.222,0.237,0.078,0.124,0.08,0.12,0.151,0.191,0.15,0.185,0.143,0.212,0.205,0.226,0.071,0.092,0.068,0.095,0.133,0.169,0.119,0.161,0.132,0.179,0.148,0.221,0.055,0.053,0.051,0.054,0.051,0.049,0.051,0.05,0.05,0.05,0.049,0.05,0.051,0.052,0.052,0.054,0.052,0.053,0.051,0.055,0.05,0.052,0.051,0.057
7.5,0.202,0.219,0.22,0.211,0.262,0.28,0.249,0.281,0.285,0.315,0.278,0.27,0.186,0.198,0.188,0.193,0.252,0.274,0.23,0.279,0.273,0.271,0.266,0.291,0.151,0.173,0.15,0.181,0.239,0.267,0.218,0.255,0.264,0.257,0.275,0.277,0.127,0.169,0.119,0.155,0.208,0.235,0.218,0.223,0.234,0.264,0.243,0.246,0.09,0.139,0.096,0.133,0.17,0.208,0.166,0.193,0.17,0.235,0.217,0.23,0.073,0.111,0.071,0.116,0.15,0.181,0.14,0.19,0.154,0.192,0.17,0.25,0.055,0.053,0.051,0.054,0.051,0.05,0.051,0.05,0.05,0.05,0.049,0.05,0.051,0.051,0.052,0.054,0.052,0.053,0.051,0.055,0.05,0.052,0.051,0.057
8,0.206,0.226,0.223,0.218,0.272,0.272,0.263,0.283,0.302,0.326,0.282,0.284,0.196,0.206,0.203,0.202,0.268,0.288,0.242,0.29,0.294,0.291,0.29,0.294,0.174,0.185,0.169,0.186,0.258,0.272,0.237,0.278,0.284,0.276,0.291,0.292,0.139,0.175,0.126,0.166,0.233,0.251,0.249,0.241,0.265,0.28,0.261,0.27,0.111,0.16,0.112,0.148,0.193,0.227,0.184,0.207,0.198,0.247,0.245,0.242,0.08,0.13,0.076,0.141,0.17,0.205,0.161,0.199,0.181,0.206,0.192,0.271,0.055,0.053,0.051,0.054,0.051,0.05,0.051,0.05,0.05,0.05,0.049,0.05,0.051,0.051,0.052,0.054,0.052,0.053,0.051,0.055,0.05,0.052,0.051,0.056
8.5,0.209,0.235,0.22,0.227,0.282,0.284,0.256,0.259,0.306,0.319,0.283,0.272,0.209,0.208,0.219,0.209,0.28,0.29,0.253,0.296,0.297,0.306,0.294,0.298,0.198,0.19,0.187,0.199,0.272,0.283,0.241,0.291,0.297,0.294,0.306,0.306,0.158,0.187,0.15,0.182,0.254,0.276,0.276,0.264,0.284,0.303,0.272,0.29,0.125,0.168,0.124,0.172,0.219,0.248,0.206,0.226,0.217,0.266,0.269,0.257,0.098,0.15,0.1,0.168,0.193,0.214,0.175,0.217,0.19,0.216,0.219,0.292,0.055,0.053,0.051,0.054,0.051,0.05,0.051,0.05,0.05,0.05,0.049,0.05,0.051,0.052,0.052,0.054,0.052,0.053,0.051,0.055,0.05,0.052,0.051,0.057
9,0.217,0.234,0.222,0.216,0.28,0.296,0.259,0.295,0.304,0.32,0.277,0.272,0.216,0.219,0.231,0.219,0.288,0.29,0.264,0.3,0.322,0.32,0.293,0.284,0.212,0.197,0.208,0.202,0.286,0.282,0.258,0.292,0.307,0.304,0.315,0.303,0.164,0.188,0.168,0.186,0.273,0.289,0.296,0.26,0.295,0.323,0.289,0.309,0.143,0.196,0.136,0.184,0.24,0.269,0.228,0.243,0.244,0.284,0.283,0.272,0.117,0.172,0.118,0.186,0.22,0.233,0.196,0.23,0.215,0.233,0.233,0.312,0.055,0.053,0.051,0.054,0.051,0.05,0.051,0.051,0.05,0.05,0.049,0.05,0.051,0.052,0.052,0.054,0.052,0.053,0.051,0.055,0.05,0.052,0.051,0.057
9.5,0.208,0.227,0.218,0.222,0.281,0.302,0.264,0.307,0.303,0.309,0.281,0.281,0.215,0.212,0.224,0.215,0.296,0.281,0.273,0.284,0.314,0.326,0.297,0.286,0.229,0.221,0.223,0.227,0.3,0.278,0.261,0.305,0.317,0.317,0.318,0.297,0.18,0.196,0.184,0.205,0.285,0.294,0.311,0.278,0.3,0.337,0.285,0.32,0.166,0.224,0.155,0.198,0.256,0.279,0.248,0.247,0.262,0.295,0.289,0.283,0.136,0.191,0.127,0.202,0.239,0.249,0.214,0.24,0.234,0.25,0.25,0.327,0.055,0.053,0.051,0.054,0.051,0.05,0.051,0.05,0.05,0.05,0.049,0.05,0.051,0.052,0.052,0.054,0.052,0.053,0.051,0.055,0.05,0.052,0.051,0.057
10,0.216,0.242,0.22,0.228,0.277,0.294,0.262,0.299,0.303,0.308,0.283,0.286,0.215,0.226,0.219,0.223,0.299,0.284,0.273,0.287,0.316,0.321,0.295,0.292,0.24,0.213,0.227,0.227,0.308,0.273,0.27,0.291,0.334,0.325,0.315,0.292,0.186,0.206,0.196,0.213,0.298,0.289,0.325,0.302,0.308,0.337,0.296,0.329,0.193,0.227,0.171,0.196,0.276,0.279,0.259,0.268,0.277,0.299,0.294,0.301,0.153,0.201,0.143,0.201,0.256,0.269,0.23,0.252,0.251,0.265,0.264,0.367,0.054,0.053,0.051,0.054,0.051,0.05,0.051,0.05,0.05,0.05,0.049,0.05,0.051,0.051,0.052,0.054,0.052,0.053,0.051,0.055,0.05,0.052,0.051,0.057
10.5,0.215,0.241,0.21,0.212,0.268,0.291,0.265,0.299,0.291,0.305,0.277,0.265,0.217,0.22,0.226,0.223,0.3,0.294,0.272,0.309,0.316,0.351,0.288,0.294,0.243,0.21,0.233,0.231,0.31,0.285,0.281,0.28,0.321,0.318,0.302,0.316,0.201,0.22,0.206,0.215,0.288,0.283,0.334,0.315,0.323,0.346,0.296,0.336,0.212,0.238,0.187,0.211,0.284,0.294,0.271,0.27,0.286,0.316,0.298,0.31,0.171,0.217,0.161,0.211,0.274,0.268,0.249,0.265,0.269,0.285,0.279,0.369,0.055,0.053,0.051,0.054,0.051,0.05,0.051,0.051,0.05,0.05,0.049,0.05,0.051,0.052,0.052,0.054,0.052,0.053,0.051,0.055,0.05,0.052,0.051,0.057
11,0.202,0.221,0.207,0.22,0.269,0.291,0.26,0.315,0.287,0.297,0.265,0.26,0.215,0.222,0.219,0.212,0.304,0.301,0.269,0.296,0.313,0.362,0.289,0.307,0.237,0.224,0.233,0.229,0.307,0.298,0.28,0.293,0.333,0.354,0.315,0.325,0.201,0.231,0.218,0.217,0.301,0.305,0.342,0.302,0.319,0.345,0.296,0.344,0.229,0.242,0.198,0.217,0.286,0.281,0.283,0.293,0.295,0.328,0.293,0.328,0.187,0.224,0.169,0.213,0.285,0.28,0.259,0.283,0.284,0.299,0.293,0.349,0.054,0.053,0.051,0.054,0.051,0.05,0.051,0.05,0.05,0.05,0.049,0.05,0.051,0.052,0.052,0.054,0.052,0.053,0.051,0.055,0.05,0.052,0.051,0.057
11.5,0.214,0.218,0.214,0.226,0.266,0.269,0.257,0.32,0.272,0.29,0.265,0.26,0.208,0.217,0.219,0.205,0.304,0.296,0.273,0.303,0.309,0.36,0.287,0.3,0.24,0.213,0.233,0.211,0.308,0.303,0.278,0.302,0.326,0.348,0.307,0.315,0.212,0.226,0.223,0.221,0.292,0.304,0.353,0.302,0.311,0.354,0.305,0.351,0.237,0.242,0.209,0.223,0.305,0.296,0.291,0.28,0.295,0.337,0.302,0.319,0.194,0.219,0.183,0.21,0.287,0.285,0.265,0.286,0.291,0.308,0.296,0.349,0.055,0.053,0.051,0.054,0.051,0.05,0.051,0.05,0.05,0.05,0.049,0.05,0.051,0.052,0.052,0.054,0.052,0.053,0.051,0.055,0.05,0.052,0.051,0.057
12,0.21,0.214,0.221,0.229,0.262,0.273,0.257,0.302,0.26,0.29,0.257,0.248,0.213,0.222,0.225,0.2,0.292,0.307,0.265,0.294,0.295,0.358,0.274,0.308,0.24,0.22,0.221,0.215,0.304,0.295,0.277,0.315,0.321,0.356,0.294,0.304,0.211,0.229,0.222,0.221,0.293,0.283,0.347,0.322,0.31,0.355,0.3,0.324,0.24,0.251,0.21,0.219,0.3,0.289,0.298,0.278,0.297,0.329,0.295,0.32,0.198,0.225,0.196,0.22,0.293,0.3,0.273,0.285,0.298,0.327,0.288,0.368,0.055,0.053,0.051,0.054,0.051,0.05,0.051,0.05,0.05,0.05,0.049,0.05,0.051,0.052,0.052,0.054,0.052,0.053,0.051,0.055,0.05,0.052,0.051,0.057
12.5,0.21,0.215,0.223,0.229,0.257,0.256,0.253,0.292,0.25,0.295,0.244,0.237,0.212,0.227,0.228,0.212,0.296,0.303,0.264,0.301,0.296,0.353,0.28,0.305,0.237,0.225,0.225,0.223,0.298,0.294,0.282,0.313,0.318,0.357,0.293,0.311,0.198,0.224,0.227,0.216,0.3,0.292,0.343,0.335,0.308,0.361,0.303,0.341,0.243,0.26,0.215,0.222,0.301,0.302,0.29,0.298,0.305,0.344,0.28,0.325,0.205,0.234,0.202,0.225,0.295,0.301,0.271,0.296,0.302,0.328,0.293,0.371,0.055,0.053,0.051,0.054,0.051,0.05,0.051,0.05,0.05,0.05,0.049,0.05,0.051,0.052,0.052,0.054,0.052,0.053,0.051,0.055,0.05,0.052,0.051,0.057
13,0.214,0.22,0.224,0.233,0.251,0.24,0.249,0.295,0.239,0.291,0.234,0.234,0.211,0.238,0.223,0.212,0.29,0.293,0.258,0.295,0.288,0.353,0.269,0.288,0.232,0.238,0.223,0.22,0.29,0.298,0.279,0.308,0.308,0.368,0.29,0.344,0.192,0.217,0.209,0.216,0.292,0.291,0.332,0.322,0.301,0.356,0.326,0.325,0.234,0.244,0.219,0.209,0.293,0.301,0.295,0.302,0.302,0.35,0.29,0.321,0.209,0.235,0.201,0.227,0.305,0.313,0.274,0.306,0.293,0.324,0.292,0.347,0.055,0.053,0.051,0.054,0.051,0.05,0.051,0.05,0.05,0.05,0.049,0.05,0.051,0.052,0.052,0.054,0.052,0.053,0.051,0.055,0.05,0.052,0.051,0.057
13.5,0.216,0.228,0.221,0.239,0.244,0.243,0.24,0.283,0.226,0.284,0.223,0.237,0.215,0.235,0.226,0.216,0.281,0.279,0.252,0.286,0.266,0.352,0.255,0.282,0.241,0.232,0.221,0.225,0.283,0.289,0.273,0.305,0.305,0.372,0.27,0.327,0.203,0.213,0.208,0.223,0.289,0.307,0.327,0.326,0.293,0.374,0.308,0.313,0.227,0.241,0.207,0.205,0.292,0.297,0.287,0.302,0.285,0.34,0.285,0.308,0.204,0.241,0.207,0.216,0.298,0.306,0.27,0.31,0.292,0.335,0.286,0.348,0.055,0.053,0.051,0.054,0.051,0.05,0.051,0.051,0.05,0.05,0.049,0.05,0.051,0.052,0.052,0.054,0.052,0.053,0.051,0.055,0.05,0.052,0.051,0.057
14,0.214,0.236,0.216,0.239,0.234,0.247,0.232,0.287,0.208,0.279,0.206,0.237,0.214,0.231,0.223,0.213,0.268,0.263,0.375,0.281,0.261,0.355,0.25,0.27,0.24,0.234,0.223,0.231,0.277,0.277,0.264,0.305,0.29,0.38,0.281,0.324,0.212,0.219,0.213,0.211,0.287,0.314,0.318,0.333,0.299,0.354,0.294,0.328,0.223,0.23,0.212,0.208,0.296,0.308,0.286,0.304,0.282,0.341,0.281,0.343,0.213,0.232,0.209,0.208,0.299,0.316,0.271,0.305,0.288,0.339,0.287,0.376,0.055,0.053,0.051,0.054,0.051,0.05,0.051,0.05,0.05,0.05,0.049,0.049,0.051,0.051,0.052,0.054,0.052,0.053,0.051,0.055,0.05,0.052,0.051,0.057
14.5,0.212,0.221,0.211,0.238,0.223,0.247,0.217,0.283,0.198,0.279,0.202,0.246,0.215,0.229,0.228,0.213,0.258,0.248,0.237,0.258,0.257,0.352,0.242,0.262,0.238,0.237,0.223,0.229,0.271,0.276,0.26,0.296,0.288,0.385,0.273,0.337,0.216,0.226,0.213,0.218,0.282,0.293,0.312,0.329,0.292,0.362,0.305,0.311,0.222,0.234,0.211,0.203,0.281,0.302,0.287,0.307,0.282,0.34,0.274,0.314,0.202,0.236,0.206,0.198,0.293,0.317,0.266,0.299,0.284,0.339,0.27,0.341,0.055,0.053,0.051,0.054,0.05,0.05,0.051,0.05,0.05,0.05,0.049,0.05,0.051,0.051,0.052,0.054,0.052,0.053,0.051,0.055,0.05,0.052,0.051,0.057
15,0.209,0.219,0.208,0.237,0.212,0.244,0.212,0.271,0.198,0.288,0.202,0.234,0.214,0.234,0.228,0.219,0.249,0.242,0.229,0.257,0.254,0.346,0.227,0.26,0.237,0.223,0.226,0.225,0.262,0.273,0.258,0.281,0.272,0.391,0.266,0.331,0.216,0.211,0.219,0.232,0.274,0.283,0.303,0.331,0.284,0.36,0.283,0.311,0.221,0.248,0.2,0.208,0.28,0.292,0.284,0.306,0.271,0.357,0.266,0.363,0.205,0.244,0.195,0.205,0.282,0.308,0.266,0.302,0.279,0.339,0.255,0.38,0.055,0.053,0.051,0.054,0.051,0.05,0.051,0.051,0.05,0.05,0.049,0.05,0.051,0.051,0.052,0.054,0.052,0.053,0.051,0.055,0.05,0.052,0.051,0.057
15.5,0.202,0.224,0.209,0.234,0.198,0.252,0.198,0.27,0.199,0.299,0.204,0.228,0.208,0.228,0.225,0.216,0.241,0.248,0.218,0.255,0.249,0.336,0.225,0.254,0.242,0.224,0.232,0.22,0.253,0.272,0.25,0.283,0.267,0.39,0.269,0.335,0.212,0.214,0.218,0.222,0.267,0.277,0.293,0.312,0.272,0.355,0.275,0.312,0.209,0.25,0.204,0.211,0.279,0.278,0.278,0.303,0.267,0.34,0.262,0.322,0.201,0.24,0.197,0.214,0.278,0.308,0.266,0.311,0.256,0.334,0.268,0.345,0.055,0.053,0.051,0.054,0.051,0.049,0.051,0.05,0.05,0.05,0.049,0.05,0.051,0.051,0.052,0.054,0.052,0.053,0.051,0.055,0.05,0.052,0.051,0.057
16,0.197,0.223,0.207,0.229,0.192,0.252,0.179,0.263,0.198,0.302,0.199,0.223,0.206,0.221,0.223,0.214,0.23,0.25,0.213,0.254,0.25,0.332,0.222,0.26,0.246,0.227,0.224,0.219,0.245,0.269,0.242,0.28,0.262,0.386,0.261,0.343,0.214,0.226,0.22,0.219,0.26,0.267,0.28,0.301,0.267,0.35,0.277,0.299,0.216,0.244,0.207,0.202,0.272,0.261,0.272,0.303,0.262,0.339,0.259,0.32,0.202,0.236,0.199,0.201,0.271,0.308,0.26,0.299,0.262,0.326,0.256,0.376,0.055,0.053,0.051,0.054,0.051,0.05,0.051,0.05,0.05,0.05,0.049,0.05,0.051,0.051,0.052,0.054,0.052,0.053,0.051,0.055,0.05,0.052,0.051,0.057
16.5,0.198,0.221,0.206,0.226,0.191,0.234,0.167,0.26,0.196,0.292,0.197,0.215,0.204,0.224,0.219,0.215,0.221,0.251,0.197,0.256,0.248,0.336,0.22,0.257,0.24,0.227,0.227,0.22,0.236,0.27,0.231,0.273,0.259,0.384,0.26,0.323,0.218,0.226,0.219,0.229,0.246,0.255,0.268,0.288,0.254,0.35,0.272,0.295,0.217,0.24,0.213,0.21,0.261,0.254,0.263,0.295,0.261,0.329,0.263,0.314,0.207,0.228,0.199,0.205,0.263,0.296,0.258,0.281,0.263,0.318,0.253,0.363,0.055,0.053,0.051,0.054,0.051,0.05,0.051,0.051,0.05,0.05,0.049,0.05,0.051,0.052,0.052,0.054,0.052,0.054,0.051,0.055,0.05,0.052,0.051,0.057
17,0.195,0.214,0.206,0.224,0.191,0.227,0.164,0.261,0.193,0.294,0.193,0.214,0.204,0.221,0.217,0.216,0.217,0.242,0.182,0.257,0.246,0.338,0.216,0.258,0.239,0.218,0.224,0.223,0.22,0.264,0.218,0.277,0.256,0.382,0.258,0.333,0.221,0.219,0.219,0.225,0.235,0.261,0.262,0.29,0.25,0.346,0.274,0.297,0.221,0.243,0.206,0.218,0.253,0.247,0.254,0.287,0.259,0.327,0.263,0.309,0.207,0.234,0.202,0.207,0.255,0.286,0.253,0.284,0.255,0.309,0.253,0.367,0.055,0.053,0.05,0.054,0.051,0.05,0.051,0.05,0.05,0.05,0.049,0.05,0.051,0.051,0.052,0.054,0.052,0.053,0.051,0.055,0.05,0.052,0.05,0.057
17.5,0.191,0.211,0.203,0.219,0.19,0.223,0.163,0.25,0.19,0.302,0.19,0.212,0.203,0.221,0.216,0.211,0.217,0.242,0.172,0.252,0.238,0.335,0.216,0.248,0.239,0.223,0.22,0.212,0.208,0.265,0.206,0.279,0.252,0.379,0.257,0.315,0.224,0.22,0.224,0.23,0.223,0.263,0.254,0.285,0.249,0.341,0.27,0.29,0.217,0.251,0.213,0.219,0.241,0.244,0.247,0.291,0.258,0.319,0.266,0.304,0.21,0.239,0.204,0.213,0.241,0.27,0.245,0.288,0.258,0.305,0.247,0.36,0.055,0.053,0.051,0.054,0.051,0.05,0.051,0.05,0.05,0.05,0.049,0.05,0.051,0.052,0.052,0.054,0.052,0.053,0.051,0.055,0.05,0.052,0.051,0.057
18,0.187,0.21,0.199,0.213,0.191,0.214,0.162,0.239,0.187,0.301,0.187,0.212,0.203,0.223,0.212,0.212,0.219,0.24,0.172,0.255,0.234,0.337,0.214,0.247,0.23,0.227,0.218,0.204,0.201,0.26,0.198,0.273,0.253,0.38,0.254,0.323,0.221,0.221,0.223,0.223,0.212,0.259,0.237,0.283,0.252,0.338,0.269,0.292,0.218,0.24,0.211,0.209,0.235,0.245,0.234,0.282,0.262,0.323,0.258,0.307,0.21,0.238,0.208,0.212,0.227,0.27,0.234,0.287,0.26,0.307,0.245,0.358,0.055,0.053,0.051,0.054,0.051,0.05,0.051,0.05,0.05,0.05,0.049,0.05,0.051,0.052,0.052,0.054,0.052,0.053,0.051,0.055,0.05,0.052,0.051,0.057
18.5,0.182,0.214,0.198,0.221,0.187,0.212,0.165,0.233,0.187,0.302,0.176,0.211,0.2,0.228,0.21,0.205,0.218,0.243,0.171,0.259,0.231,0.326,0.208,0.243,0.22,0.22,0.217,0.2,0.199,0.255,0.188,0.27,0.256,0.377,0.257,0.304,0.216,0.22,0.224,0.222,0.205,0.261,0.226,0.285,0.252,0.337,0.269,0.295,0.218,0.242,0.209,0.206,0.215,0.247,0.223,0.288,0.255,0.32,0.255,0.304,0.211,0.234,0.212,0.208,0.216,0.277,0.223,0.281,0.258,0.302,0.242,0.359,0.054,0.053,0.051,0.054,0.051,0.05,0.051,0.05,0.05,0.05,0.049,0.05,0.051,0.051,0.052,0.054,0.052,0.053,0.051,0.055,0.05,0.052,0.051,0.057
19,0.179,0.209,0.191,0.209,0.182,0.21,0.163,0.222,0.162,0.293,0.177,0.217,0.199,0.22,0.205,0.207,0.214,0.237,0.172,0.26,0.225,0.324,0.206,0.237,0.217,0.225,0.216,0.204,0.198,0.252,0.187,0.282,0.245,0.369,0.25,0.296,0.218,0.214,0.224,0.22,0.206,0.264,0.215,0.282,0.249,0.338,0.257,0.284,0.216,0.241,0.203,0.22,0.202,0.243,0.204,0.286,0.256,0.317,0.249,0.306,0.212,0.254,0.215,0.211,0.209,0.273,0.217,0.29,0.253,0.301,0.236,0.354,0.055,0.053,0.051,0.054,0.051,0.05,0.051,0.05,0.05,0.05,0.049,0.05,0.051,0.052,0.052,0.054,0.052,0.053,0.051,0.055,0.05,0.052,0.051,0.057
19.5,0.175,0.205,0.19,0.216,0.185,0.206,0.153,0.219,0.165,0.291,0.171,0.212,0.195,0.215,0.202,0.211,0.208,0.237,0.168,0.258,0.218,0.322,0.195,0.246,0.215,0.23,0.213,0.204,0.196,0.25,0.186,0.27,0.244,0.373,0.245,0.303,0.216,0.228,0.221,0.219,0.205,0.252,0.214,0.27,0.246,0.332,0.255,0.286,0.213,0.244,0.197,0.212,0.198,0.238,0.198,0.278,0.252,0.314,0.24,0.299,0.213,0.251,0.214,0.208,0.201,0.284,0.203,0.281,0.254,0.299,0.231,0.345,0.054,0.053,0.051,0.054,0.051,0.05,0.051,0.05,0.05,0.05,0.049,0.049,0.051,0.051,0.052,0.054,0.052,0.053,0.051,0.055,0.05,0.052,0.051,0.057
20,0.172,0.198,0.183,0.209,0.183,0.206,0.145,0.216,0.15,0.29,0.181,0.211,0.191,0.213,0.199,0.206,0.203,0.233,0.166,0.248,0.219,0.311,0.195,0.252,0.212,0.222,0.21,0.204,0.193,0.249,0.185,0.274,0.239,0.367,0.244,0.293,0.218,0.214,0.219,0.218,0.205,0.258,0.213,0.278,0.242,0.332,0.248,0.283,0.212,0.236,0.193,0.208,0.196,0.239,0.195,0.281,0.25,0.311,0.24,0.292,0.209,0.232,0.212,0.207,0.197,0.277,0.189,0.282,0.248,0.302,0.226,0.344,0.055,0.053,0.051,0.054,0.051,0.05,0.051,0.05,0.05,0.05,0.049,0.05,0.051,0.052,0.052,0.054,0.052,0.053,0.051,0.055,0.05,0.052,0.051,0.057
20.5,0.164,0.21,0.18,0.199,0.171,0.205,0.139,0.221,0.147,0.291,0.176,0.209,0.188,0.215,0.196,0.206,0.197,0.232,0.166,0.244,0.21,0.313,0.188,0.244,0.206,0.222,0.206,0.199,0.192,0.244,0.183,0.262,0.233,0.359,0.238,0.298,0.216,0.214,0.215,0.218,0.198,0.243,0.214,0.276,0.234,0.321,0.246,0.283,0.207,0.231,0.19,0.206,0.19,0.234,0.194,0.282,0.24,0.302,0.235,0.293,0.21,0.228,0.21,0.202,0.196,0.263,0.183,0.281,0.249,0.296,0.223,0.331,0.055,0.053,0.051,0.054,0.051,0.05,0.051,0.05,0.05,0.05,0.049,0.049,0.051,0.051,0.052,0.054,0.052,0.053,0.051,0.055,0.05,0.052,0.051,0.057
21,0.157,0.201,0.176,0.2,0.155,0.206,0.133,0.21,0.152,0.283,0.168,0.204,0.186,0.217,0.195,0.204,0.193,0.222,0.164,0.235,0.208,0.304,0.189,0.243,0.202,0.216,0.204,0.203,0.183,0.24,0.18,0.26,0.225,0.355,0.226,0.298,0.212,0.211,0.211,0.219,0.197,0.245,0.209,0.273,0.239,0.32,0.239,0.279,0.205,0.236,0.19,0.205,0.193,0.231,0.194,0.274,0.241,0.301,0.24,0.293,0.208,0.229,0.211,0.2,0.197,0.268,0.183,0.276,0.238,0.292,0.219,0.331,0.055,0.053,0.051,0.054,0.051,0.05,0.051,0.05,0.05,0.05,0.049,0.05,0.051,0.052,0.052,0.054,0.052,0.053,0.051,0.055,0.051,0.052,0.051,0.057
21.5,0.154,0.202,0.165,0.2,0.157,0.201,0.133,0.207,0.143,0.285,0.172,0.201,0.183,0.223,0.191,0.188,0.186,0.225,0.149,0.243,0.208,0.304,0.194,0.236,0.198,0.214,0.202,0.195,0.179,0.239,0.185,0.269,0.218,0.363,0.234,0.3,0.209,0.212,0.209,0.216,0.193,0.248,0.204,0.269,0.227,0.321,0.235,0.281,0.201,0.236,0.188,0.214,0.188,0.234,0.188,0.271,0.229,0.305,0.226,0.284,0.207,0.225,0.212,0.2,0.196,0.269,0.181,0.268,0.232,0.292,0.213,0.325,0.054,0.053,0.051,0.054,0.051,0.05,0.051,0.05,0.05,0.05,0.049,0.049,0.051,0.051,0.052,0.054,0.052,0.053,0.051,0.055,0.05,0.052,0.051,0.057
22,0.141,0.194,0.162,0.195,0.159,0.203,0.132,0.207,0.147,0.284,0.172,0.199,0.176,0.219,0.189,0.193,0.176,0.215,0.144,0.236,0.199,0.304,0.19,0.239,0.197,0.217,0.199,0.205,0.174,0.243,0.177,0.258,0.221,0.361,0.227,0.301,0.205,0.215,0.207,0.222,0.186,0.245,0.201,0.273,0.217,0.318,0.236,0.281,0.198,0.235,0.187,0.209,0.189,0.23,0.188,0.269,0.228,0.301,0.222,0.285,0.203,0.226,0.21,0.199,0.188,0.267,0.178,0.274,0.225,0.29,0.209,0.323,0.055,0.053,0.051,0.054,0.051,0.05,0.051,0.05,0.05,0.05,0.049,0.049,0.051,0.052,0.052,0.054,0.052,0.053,0.051,0.055,0.05,0.052,0.051,0.057
22.5,0.133,0.189,0.152,0.192,0.164,0.206,0.125,0.209,0.146,0.284,0.167,0.188,0.172,0.22,0.181,0.193,0.174,0.221,0.15,0.238,0.199,0.3,0.193,0.236,0.191,0.215,0.197,0.199,0.173,0.237,0.171,0.262,0.22,0.356,0.22,0.292,0.201,0.217,0.203,0.224,0.181,0.243,0.196,0.267,0.219,0.322,0.231,0.277,0.195,0.234,0.184,0.204,0.184,0.235,0.19,0.271,0.222,0.299,0.22,0.287,0.199,0.226,0.207,0.2,0.19,0.27,0.177,0.267,0.219,0.288,0.207,0.323,0.055,0.053,0.051,0.054,0.051,0.05,0.051,0.05,0.05,0.05,0.049,0.05,0.051,0.051,0.052,0.054,0.052,0.053,0.051,0.055,0.05,0.052,0.051,0.057
23,0.14,0.191,0.153,0.194,0.15,0.203,0.13,0.206,0.144,0.285,0.167,0.19,0.164,0.223,0.174,0.182,0.168,0.22,0.138,0.235,0.195,0.305,0.193,0.243,0.189,0.215,0.191,0.189,0.17,0.242,0.17,0.259,0.218,0.349,0.212,0.29,0.196,0.208,0.2,0.215,0.182,0.243,0.192,0.266,0.22,0.316,0.223,0.268,0.19,0.237,0.181,0.207,0.18,0.227,0.185,0.264,0.217,0.306,0.211,0.278,0.196,0.226,0.204,0.2,0.186,0.26,0.173,0.264,0.219,0.284,0.202,0.324,0.055,0.053,0.051,0.054,0.051,0.05,0.051,0.05,0.05,0.05,0.049,0.05,0.051,0.051,0.052,0.054,0.052,0.053,0.051,0.055,0.05,0.052,0.051,0.057
23.5,0.134,0.191,0.151,0.189,0.153,0.196,0.129,0.209,0.15,0.284,0.165,0.185,0.155,0.21,0.166,0.184,0.173,0.209,0.133,0.237,0.194,0.307,0.183,0.244,0.182,0.218,0.187,0.193,0.165,0.236,0.163,0.257,0.204,0.355,0.221,0.293,0.193,0.209,0.197,0.22,0.187,0.237,0.19,0.266,0.207,0.311,0.221,0.265,0.186,0.234,0.179,0.204,0.17,0.22,0.181,0.269,0.219,0.294,0.215,0.28,0.194,0.223,0.203,0.197,0.178,0.261,0.167,0.264,0.21,0.292,0.198,0.316,0.054,0.053,0.051,0.054,0.051,0.05,0.051,0.05,0.05,0.05,0.049,0.05,0.051,0.052,0.052,0.054,0.052,0.053,0.051,0.055,0.05,0.052,0.05,0.057
24,0.131,0.194,0.145,0.192,0.152,0.201,0.125,0.209,0.145,0.289,0.161,0.184,0.159,0.209,0.161,0.185,0.165,0.211,0.139,0.226,0.188,0.303,0.185,0.233,0.173,0.215,0.174,0.196,0.164,0.233,0.156,0.256,0.209,0.352,0.22,0.289,0.186,0.2,0.194,0.213,0.169,0.236,0.182,0.262,0.214,0.315,0.219,0.267,0.185,0.234,0.176,0.208,0.171,0.222,0.169,0.259,0.218,0.301,0.202,0.277,0.192,0.227,0.199,0.197,0.17,0.265,0.16,0.259,0.208,0.279,0.193,0.313,0.055,0.053,0.051,0.054,0.051,0.05,0.051,0.05,0.05,0.05,0.049,0.05,0.051,0.051,0.052,0.054,0.052,0.053,0.051,0.055,0.05,0.052,0.051,0.057
24.5,0.126,0.188,0.143,0.182,0.146,0.197,0.123,0.21,0.143,0.286,0.159,0.186,0.152,0.209,0.158,0.19,0.168,0.213,0.123,0.235,0.182,0.304,0.186,0.24,0.166,0.209,0.173,0.196,0.167,0.231,0.147,0.253,0.206,0.352,0.22,0.291,0.176,0.206,0.184,0.209,0.16,0.241,0.178,0.263,0.2,0.311,0.221,0.267,0.182,0.227,0.175,0.206,0.171,0.221,0.164,0.262,0.228,0.297,0.208,0.283,0.187,0.223,0.193,0.196,0.168,0.257,0.159,0.254,0.204,0.283,0.196,0.317,0.055,0.053,0.051,0.054,0.051,0.049,0.051,0.05,0.05,0.05,0.049,0.05,0.051,0.051,0.052,0.054,0.052,0.053,0.051,0.055,0.05,0.052,0.051,0.057
25,0.123,0.191,0.141,0.186,0.146,0.195,0.122,0.209,0.147,0.288,0.157,0.182,0.152,0.218,0.151,0.184,0.164,0.218,0.13,0.238,0.184,0.301,0.18,0.234,0.167,0.206,0.17,0.194,0.152,0.227,0.145,0.261,0.202,0.349,0.211,0.295,0.171,0.203,0.179,0.209,0.159,0.242,0.168,0.255,0.204,0.31,0.218,0.267,0.174,0.222,0.168,0.206,0.157,0.228,0.16,0.254,0.217,0.293,0.205,0.275,0.184,0.225,0.189,0.195,0.162,0.254,0.156,0.252,0.206,0.28,0.197,0.318,0.055,0.053,0.051,0.054,0.051,0.05,0.051,0.05,0.05,0.05,0.049,0.05,0.051,0.052,0.052,0.054,0.052,0.054,0.051,0.055,0.05,0.052,0.051,0.057
25.5,0.123,0.189,0.142,0.188,0.143,0.194,0.126,0.208,0.146,0.285,0.154,0.175,0.145,0.201,0.151,0.185,0.159,0.214,0.125,0.23,0.189,0.297,0.183,0.231,0.159,0.207,0.164,0.205,0.149,0.226,0.141,0.255,0.204,0.341,0.208,0.288,0.166,0.195,0.174,0.205,0.158,0.24,0.162,0.262,0.194,0.31,0.215,0.267,0.168,0.216,0.157,0.207,0.163,0.229,0.162,0.26,0.206,0.298,0.199,0.283,0.18,0.222,0.184,0.188,0.152,0.259,0.15,0.252,0.208,0.277,0.194,0.325,0.055,0.053,0.051,0.054,0.051,0.05,0.051,0.05,0.05,0.05,0.049,0.05,0.051,0.051,0.052,0.054,0.052,0.053,0.051,0.055,0.05,0.052,0.051,0.057
26,0.12,0.192,0.136,0.185,0.141,0.193,0.129,0.207,0.148,0.289,0.152,0.176,0.144,0.205,0.145,0.181,0.154,0.212,0.124,0.229,0.183,0.299,0.179,0.235,0.158,0.203,0.163,0.193,0.146,0.234,0.146,0.257,0.199,0.346,0.213,0.292,0.162,0.197,0.169,0.208,0.146,0.235,0.166,0.255,0.191,0.311,0.214,0.27,0.161,0.222,0.151,0.205,0.158,0.22,0.154,0.252,0.204,0.295,0.199,0.281,0.169,0.218,0.176,0.19,0.154,0.259,0.163,0.248,0.204,0.278,0.187,0.323,0.055,0.053,0.051,0.054,0.051,0.05,0.051,0.05,0.05,0.05,0.049,0.049,0.051,0.052,0.052,0.054,0.052,0.053,0.051,0.055,0.05,0.052,0.051,0.057
26.5,0.119,0.185,0.138,0.19,0.143,0.195,0.128,0.208,0.146,0.285,0.148,0.176,0.14,0.201,0.148,0.189,0.156,0.21,0.118,0.23,0.184,0.297,0.175,0.235,0.154,0.207,0.161,0.199,0.145,0.229,0.148,0.256,0.195,0.349,0.208,0.292,0.16,0.196,0.168,0.206,0.151,0.232,0.168,0.257,0.191,0.313,0.208,0.266,0.161,0.217,0.154,0.202,0.159,0.224,0.155,0.259,0.209,0.288,0.2,0.284,0.164,0.221,0.168,0.192,0.152,0.256,0.146,0.252,0.203,0.276,0.187,0.32,0.054,0.053,0.05,0.054,0.051,0.05,0.051,0.05,0.05,0.05,0.049,0.05,0.051,0.052,0.052,0.054,0.052,0.053,0.051,0.055,0.05,0.052,0.051,0.057
27,0.12,0.186,0.13,0.187,0.146,0.192,0.127,0.205,0.148,0.285,0.148,0.178,0.14,0.201,0.142,0.184,0.15,0.21,0.121,0.226,0.183,0.296,0.176,0.234,0.154,0.206,0.158,0.194,0.145,0.227,0.145,0.257,0.194,0.34,0.207,0.29,0.161,0.206,0.164,0.208,0.148,0.234,0.169,0.256,0.192,0.309,0.204,0.268,0.151,0.224,0.144,0.203,0.152,0.223,0.158,0.262,0.207,0.291,0.195,0.288,0.158,0.21,0.16,0.187,0.158,0.255,0.15,0.248,0.211,0.279,0.182,0.315,0.055,0.053,0.051,0.054,0.051,0.049,0.051,0.05,0.05,0.05,0.049,0.05,0.051,0.052,0.052,0.054,0.052,0.053,0.051,0.055,0.051,0.052,0.051,0.057
27.5,0.114,0.186,0.128,0.187,0.141,0.192,0.125,0.206,0.147,0.283,0.145,0.178,0.137,0.201,0.151,0.181,0.149,0.209,0.123,0.226,0.18,0.296,0.172,0.229,0.154,0.209,0.156,0.188,0.149,0.228,0.147,0.26,0.196,0.343,0.204,0.286,0.157,0.197,0.164,0.207,0.152,0.238,0.159,0.252,0.191,0.315,0.204,0.267,0.149,0.22,0.143,0.2,0.15,0.218,0.149,0.26,0.205,0.296,0.193,0.286,0.158,0.218,0.157,0.185,0.153,0.254,0.135,0.246,0.215,0.278,0.179,0.317,0.055,0.053,0.051,0.054,0.051,0.05,0.051,0.05,0.05,0.05,0.049,0.05,0.051,0.052,0.052,0.054,0.052,0.053,0.051,0.055,0.051,0.052,0.051,0.057
28,0.116,0.191,0.13,0.187,0.145,0.19,0.119,0.204,0.146,0.282,0.142,0.177,0.135,0.199,0.142,0.187,0.15,0.206,0.123,0.222,0.18,0.299,0.173,0.227,0.152,0.203,0.154,0.194,0.149,0.228,0.14,0.257,0.197,0.342,0.2,0.289,0.155,0.197,0.158,0.203,0.145,0.237,0.166,0.256,0.187,0.31,0.202,0.27,0.145,0.22,0.139,0.199,0.151,0.225,0.157,0.257,0.205,0.29,0.191,0.287,0.16,0.212,0.155,0.186,0.156,0.256,0.151,0.246,0.213,0.282,0.18,0.315,0.055,0.053,0.051,0.053,0.051,0.05,0.051,0.05,0.05,0.05,0.049,0.049,0.051,0.052,0.052,0.054,0.052,0.053,0.051,0.055,0.05,0.052,0.051,0.057
28.5,0.115,0.189,0.129,0.19,0.143,0.189,0.125,0.204,0.148,0.281,0.141,0.176,0.136,0.204,0.143,0.184,0.148,0.205,0.121,0.223,0.182,0.297,0.174,0.228,0.15,0.201,0.152,0.197,0.146,0.23,0.139,0.258,0.193,0.34,0.2,0.293,0.156,0.198,0.154,0.206,0.147,0.239,0.166,0.254,0.185,0.306,0.2,0.269,0.142,0.22,0.139,0.193,0.15,0.219,0.146,0.252,0.203,0.287,0.19,0.279,0.151,0.216,0.152,0.181,0.148,0.257,0.146,0.245,0.208,0.283,0.175,0.313,0.055,0.053,0.051,0.054,0.051,0.05,0.051,0.05,0.05,0.05,0.049,0.049,0.051,0.052,0.052,0.054,0.052,0.053,0.051,0.055,0.05,0.052,0.051,0.057
29,0.113,0.185,0.127,0.185,0.144,0.189,0.124,0.204,0.148,0.28,0.14,0.173,0.133,0.202,0.14,0.18,0.143,0.205,0.122,0.226,0.181,0.301,0.174,0.228,0.151,0.202,0.151,0.195,0.14,0.229,0.142,0.259,0.191,0.339,0.198,0.288,0.152,0.2,0.155,0.203,0.14,0.244,0.162,0.257,0.183,0.309,0.197,0.271,0.144,0.221,0.141,0.195,0.148,0.221,0.153,0.252,0.202,0.29,0.188,0.278,0.146,0.216,0.156,0.182,0.144,0.253,0.147,0.25,0.207,0.277,0.174,0.312,0.055,0.053,0.051,0.054,0.051,0.049,0.051,0.05,0.05,0.05,0.049,0.049,0.051,0.052,0.052,0.054,0.052,0.053,0.051,0.055,0.05,0.052,0.051,0.057
29.5,0.113,0.184,0.125,0.185,0.145,0.188,0.123,0.204,0.15,0.28,0.137,0.174,0.132,0.209,0.14,0.187,0.147,0.205,0.118,0.223,0.182,0.299,0.174,0.234,0.152,0.2,0.148,0.198,0.141,0.228,0.141,0.254,0.191,0.34,0.198,0.29,0.149,0.199,0.154,0.201,0.143,0.239,0.16,0.256,0.182,0.31,0.197,0.269,0.141,0.223,0.139,0.19,0.14,0.224,0.146,0.252,0.206,0.289,0.183,0.283,0.148,0.214,0.144,0.182,0.143,0.254,0.139,0.248,0.207,0.28,0.177,0.313,0.055,0.053,0.051,0.054,0.051,0.05,0.051,0.05,0.05,0.05,0.049,0.05,0.051,0.051,0.052,0.054,0.052,0.053,0.051,0.055,0.05,0.052,0.051,0.057
30,0.113,0.189,0.127,0.18,0.143,0.187,0.122,0.204,0.151,0.28,0.136,0.172,0.135,0.201,0.138,0.18,0.145,0.201,0.12,0.217,0.183,0.297,0.177,0.233,0.143,0.2,0.147,0.197,0.14,0.226,0.135,0.255,0.193,0.34,0.198,0.287,0.146,0.198,0.153,0.201,0.138,0.231,0.156,0.255,0.181,0.308,0.196,0.268,0.14,0.218,0.137,0.199,0.145,0.219,0.145,0.253,0.207,0.288,0.183,0.281,0.142,0.208,0.146,0.184,0.14,0.257,0.133,0.247,0.208,0.277,0.175,0.313,0.054,0.053,0.05,0.054,0.05,0.049,0.051,0.05,0.05,0.05,0.049,0.049,0.051,0.051,0.052,0.054,0.052,0.053,0.051,0.055,0.05,0.052,0.051,0.057
30.5,0.111,0.191,0.125,0.179,0.147,0.187,0.119,0.207,0.152,0.281,0.136,0.173,0.131,0.199,0.136,0.179,0.146,0.206,0.122,0.221,0.184,0.299,0.175,0.23,0.147,0.201,0.147,0.193,0.135,0.233,0.135,0.263,0.193,0.339,0.197,0.288,0.146,0.198,0.152,0.205,0.139,0.239,0.153,0.255,0.181,0.314,0.195,0.268,0.137,0.223,0.131,0.191,0.147,0.221,0.147,0.254,0.208,0.285,0.183,0.281,0.143,0.209,0.139,0.188,0.138,0.256,0.136,0.252,0.21,0.277,0.17,0.315,0.055,0.053,0.051,0.054,0.051,0.05,0.051,0.05,0.05,0.05,0.049,0.05,0.051,0.051,0.052,0.054,0.052,0.053,0.051,0.055,0.05,0.052,0.051,0.057
31,0.11,0.188,0.124,0.182,0.143,0.187,0.121,0.201,0.154,0.284,0.133,0.173,0.131,0.204,0.136,0.183,0.141,0.205,0.124,0.226,0.182,0.296,0.172,0.225,0.144,0.204,0.145,0.19,0.134,0.229,0.133,0.26,0.191,0.342,0.193,0.289,0.143,0.197,0.15,0.203,0.139,0.232,0.153,0.255,0.177,0.303,0.191,0.268,0.136,0.218,0.13,0.192,0.139,0.225,0.142,0.254,0.207,0.287,0.185,0.281,0.14,0.207,0.14,0.181,0.136,0.25,0.137,0.252,0.213,0.277,0.168,0.313,0.055,0.053,0.05,0.053,0.05,0.049,0.051,0.05,0.05,0.05,0.049,0.049,0.051,0.051,0.052,0.054,0.052,0.053,0.051,0.055,0.05,0.052,0.051,0.056
31.5,0.111,0.189,0.125,0.182,0.145,0.185,0.12,0.199,0.154,0.281,0.132,0.172,0.13,0.197,0.134,0.182,0.142,0.207,0.117,0.225,0.182,0.295,0.171,0.224,0.146,0.203,0.143,0.197,0.13,0.228,0.128,0.262,0.188,0.345,0.194,0.286,0.142,0.202,0.146,0.202,0.139,0.232,0.15,0.259,0.177,0.308,0.193,0.269,0.137,0.221,0.128,0.195,0.138,0.223,0.144,0.252,0.207,0.286,0.183,0.279,0.138,0.211,0.138,0.183,0.135,0.251,0.136,0.249,0.212,0.278,0.169,0.313,0.054,0.053,0.051,0.054,0.051,0.049,0.051,0.05,0.05,0.05,0.049,0.049,0.051,0.052,0.052,0.054,0.052,0.053,0.051,0.055,0.05,0.052,0.051,0.057
32,0.108,0.187,0.123,0.184,0.146,0.182,0.115,0.2,0.157,0.281,0.132,0.172,0.129,0.201,0.134,0.178,0.142,0.202,0.116,0.222,0.181,0.299,0.165,0.225,0.14,0.204,0.142,0.192,0.129,0.226,0.129,0.26,0.191,0.344,0.191,0.29,0.143,0.196,0.145,0.201,0.136,0.235,0.15,0.258,0.175,0.307,0.191,0.272,0.134,0.219,0.128,0.189,0.139,0.218,0.139,0.253,0.209,0.288,0.18,0.279,0.137,0.21,0.136,0.184,0.131,0.249,0.131,0.248,0.216,0.278,0.168,0.315,0.054,0.053,0.051,0.054,0.051,0.049,0.051,0.05,0.05,0.05,0.049,0.049,0.051,0.052,0.052,0.054,0.052,0.053,0.051,0.055,0.05,0.052,0.051,0.057
32.5,0.109,0.19,0.124,0.186,0.148,0.182,0.121,0.198,0.158,0.278,0.131,0.172,0.128,0.205,0.134,0.18,0.142,0.203,0.121,0.225,0.178,0.302,0.165,0.226,0.138,0.201,0.14,0.191,0.126,0.225,0.13,0.254,0.194,0.346,0.189,0.288,0.143,0.199,0.144,0.204,0.133,0.237,0.15,0.258,0.175,0.305,0.19,0.272,0.132,0.216,0.127,0.191,0.132,0.217,0.142,0.251,0.207,0.286,0.18,0.279,0.138,0.209,0.135,0.18,0.132,0.253,0.127,0.25,0.214,0.283,0.167,0.314,0.054,0.053,0.051,0.054,0.051,0.05,0.051,0.05,0.05,0.05,0.049,0.05,0.051,0.052,0.052,0.054,0.052,0.053,0.051,0.055,0.05,0.052,0.051,0.057
33,0.107,0.19,0.121,0.186,0.152,0.182,0.12,0.198,0.161,0.279,0.128,0.171,0.128,0.199,0.135,0.182,0.142,0.202,0.117,0.224,0.179,0.298,0.168,0.226,0.142,0.204,0.139,0.19,0.131,0.225,0.126,0.257,0.195,0.344,0.19,0.289,0.141,0.2,0.141,0.202,0.135,0.234,0.148,0.253,0.173,0.308,0.191,0.272,0.133,0.216,0.124,0.189,0.131,0.219,0.14,0.252,0.211,0.284,0.178,0.278,0.138,0.21,0.133,0.182,0.132,0.252,0.124,0.253,0.214,0.279,0.164,0.313,0.055,0.053,0.051,0.054,0.051,0.05,0.051,0.05,0.05,0.05,0.049,0.05,0.051,0.052,0.052,0.054,0.052,0.053,0.051,0.055,0.05,0.052,0.051,0.057
33.5,0.105,0.186,0.121,0.181,0.155,0.18,0.124,0.198,0.163,0.279,0.127,0.172,0.128,0.204,0.131,0.182,0.143,0.203,0.117,0.22,0.178,0.299,0.165,0.225,0.139,0.204,0.138,0.193,0.125,0.227,0.123,0.256,0.194,0.34,0.19,0.289,0.139,0.202,0.139,0.202,0.131,0.232,0.145,0.255,0.175,0.307,0.19,0.274,0.132,0.218,0.125,0.192,0.131,0.213,0.137,0.253,0.21,0.288,0.178,0.277,0.135,0.21,0.131,0.182,0.131,0.25,0.128,0.251,0.216,0.276,0.162,0.313,0.055,0.053,0.051,0.054,0.051,0.05,0.051,0.05,0.05,0.05,0.049,0.049,0.051,0.052,0.052,0.054,0.052,0.053,0.051,0.055,0.05,0.052,0.051,0.057
34,0.106,0.188,0.121,0.183,0.156,0.179,0.126,0.196,0.163,0.278,0.126,0.172,0.127,0.202,0.13,0.182,0.142,0.201,0.113,0.221,0.178,0.297,0.164,0.224,0.138,0.204,0.137,0.194,0.124,0.226,0.123,0.256,0.19,0.34,0.188,0.289,0.138,0.2,0.139,0.203,0.127,0.231,0.146,0.254,0.172,0.303,0.19,0.274,0.13,0.219,0.121,0.189,0.129,0.216,0.136,0.252,0.209,0.291,0.174,0.276,0.133,0.21,0.129,0.179,0.13,0.252,0.125,0.25,0.215,0.276,0.162,0.314,0.054,0.053,0.051,0.054,0.05,0.05,0.051,0.05,0.05,0.05,0.049,0.049,0.051,0.052,0.052,0.054,0.052,0.053,0.051,0.055,0.05,0.052,0.051,0.056
34.5,0.104,0.189,0.121,0.183,0.158,0.177,0.129,0.196,0.164,0.279,0.126,0.171,0.126,0.202,0.131,0.18,0.144,0.2,0.116,0.219,0.179,0.295,0.163,0.225,0.135,0.203,0.137,0.19,0.122,0.224,0.122,0.254,0.19,0.343,0.188,0.288,0.137,0.202,0.141,0.201,0.131,0.232,0.144,0.252,0.172,0.308,0.19,0.272,0.127,0.218,0.12,0.19,0.13,0.217,0.133,0.25,0.211,0.292,0.176,0.277,0.132,0.211,0.129,0.179,0.124,0.252,0.121,0.248,0.215,0.276,0.163,0.313,0.055,0.053,0.051,0.054,0.051,0.05,0.051,0.05,0.05,0.05,0.049,0.05,0.051,0.052,0.052,0.054,0.052,0.053,0.051,0.055,0.051,0.052,0.051,0.057
35,0.102,0.186,0.121,0.179,0.162,0.176,0.141,0.195,0.166,0.277,0.126,0.172,0.126,0.205,0.132,0.18,0.145,0.198,0.116,0.218,0.179,0.294,0.162,0.226,0.136,0.203,0.137,0.193,0.123,0.223,0.117,0.253,0.19,0.344,0.187,0.287,0.139,0.2,0.14,0.202,0.127,0.232,0.142,0.251,0.173,0.306,0.189,0.272,0.125,0.22,0.122,0.192,0.126,0.217,0.132,0.251,0.211,0.292,0.175,0.278,0.133,0.21,0.129,0.183,0.124,0.253,0.12,0.248,0.219,0.277,0.161,0.315,0.054,0.053,0.051,0.054,0.051,0.05,0.051,0.05,0.05,0.05,0.049,0.05,0.051,0.052,0.052,0.054,0.052,0.053,0.051,0.055,0.05,0.052,0.051,0.057
35.5,0.103,0.183,0.12,0.179,0.164,0.173,0.16,0.194,0.168,0.278,0.126,0.172,0.126,0.201,0.128,0.182,0.147,0.201,0.114,0.22,0.178,0.296,0.164,0.226,0.134,0.206,0.136,0.192,0.125,0.222,0.116,0.253,0.191,0.343,0.189,0.287,0.139,0.201,0.138,0.202,0.124,0.228,0.138,0.25,0.172,0.301,0.189,0.27,0.125,0.219,0.121,0.191,0.126,0.213,0.13,0.253,0.212,0.29,0.176,0.278,0.13,0.211,0.129,0.182,0.124,0.254,0.119,0.253,0.22,0.275,0.16,0.315,0.055,0.053,0.051,0.054,0.051,0.049,0.051,0.05,0.05,0.05,0.049,0.049,0.051,0.052,0.052,0.054,0.052,0.053,0.051,0.055,0.05,0.052,0.051,0.057
36,0.102,0.188,0.119,0.183,0.162,0.173,0.163,0.193,0.173,0.277,0.126,0.171,0.126,0.202,0.129,0.18,0.15,0.198,0.115,0.219,0.176,0.295,0.164,0.225,0.132,0.209,0.135,0.191,0.122,0.222,0.116,0.253,0.195,0.344,0.189,0.286,0.137,0.198,0.136,0.203,0.123,0.231,0.139,0.253,0.172,0.302,0.191,0.271,0.124,0.222,0.119,0.193,0.123,0.213,0.128,0.252,0.212,0.289,0.175,0.278,0.129,0.212,0.127,0.181,0.125,0.253,0.118,0.251,0.221,0.276,0.16,0.316,0.055,0.053,0.051,0.054,0.051,0.05,0.051,0.05,0.05,0.05,0.049,0.05,0.051,0.052,0.052,0.054,0.052,0.053,0.051,0.055,0.05,0.052,0.051,0.057
36.5,0.101,0.189,0.117,0.18,0.161,0.171,0.172,0.191,0.177,0.278,0.124,0.171,0.125,0.208,0.131,0.181,0.148,0.198,0.127,0.215,0.177,0.294,0.161,0.224,0.133,0.203,0.134,0.193,0.12,0.226,0.118,0.253,0.194,0.344,0.186,0.285,0.136,0.2,0.135,0.202,0.125,0.231,0.134,0.251,0.174,0.303,0.191,0.27,0.125,0.221,0.117,0.192,0.122,0.216,0.127,0.255,0.212,0.289,0.175,0.28,0.128,0.211,0.125,0.183,0.122,0.254,0.115,0.253,0.219,0.276,0.16,0.318,0.054,0.053,0.051,0.054,0.05,0.049,0.051,0.05,0.05,0.05,0.049,0.049,0.051,0.051,0.052,0.054,0.052,0.053,0.051,0.055,0.05,0.052,0.051,0.057
37,0.101,0.187,0.118,0.179,0.16,0.17,0.184,0.19,0.182,0.278,0.123,0.17,0.122,0.207,0.129,0.178,0.146,0.197,0.129,0.216,0.179,0.294,0.159,0.224,0.132,0.205,0.133,0.191,0.121,0.222,0.121,0.255,0.191,0.344,0.185,0.286,0.135,0.201,0.135,0.202,0.128,0.227,0.134,0.252,0.174,0.302,0.19,0.271,0.125,0.22,0.116,0.192,0.126,0.212,0.125,0.257,0.21,0.288,0.177,0.279,0.126,0.213,0.124,0.183,0.119,0.253,0.114,0.25,0.218,0.277,0.159,0.316,0.055,0.053,0.051,0.054,0.051,0.049,0.051,0.05,0.05,0.05,0.049,0.05,0.051,0.052,0.052,0.054,0.052,0.053,0.051,0.055,0.05,0.052,0.051,0.057
37.5,0.099,0.185,0.116,0.178,0.163,0.168,0.195,0.187,0.188,0.278,0.122,0.17,0.122,0.204,0.126,0.179,0.146,0.198,0.124,0.219,0.176,0.295,0.158,0.225,0.13,0.207,0.133,0.191,0.125,0.222,0.125,0.255,0.189,0.342,0.185,0.284,0.135,0.203,0.133,0.206,0.133,0.228,0.132,0.252,0.174,0.302,0.189,0.27,0.122,0.223,0.117,0.195,0.121,0.216,0.126,0.251,0.211,0.287,0.177,0.28,0.125,0.213,0.125,0.186,0.118,0.254,0.112,0.249,0.217,0.278,0.159,0.316,0.054,0.053,0.051,0.054,0.051,0.05,0.051,0.05,0.05,0.05,0.049,0.05,0.051,0.051,0.052,0.054,0.052,0.053,0.051,0.055,0.05,0.052,0.051,0.057
38,0.098,0.184,0.116,0.177,0.16,0.167,0.213,0.186,0.186,0.276,0.122,0.17,0.123,0.203,0.127,0.179,0.147,0.198,0.124,0.216,0.176,0.294,0.159,0.225,0.131,0.204,0.132,0.193,0.123,0.222,0.125,0.253,0.188,0.34,0.186,0.283,0.135,0.201,0.133,0.203,0.136,0.226,0.129,0.25,0.175,0.302,0.189,0.269,0.122,0.22,0.116,0.193,0.118,0.215,0.131,0.252,0.21,0.289,0.177,0.279,0.124,0.212,0.123,0.181,0.116,0.251,0.116,0.251,0.214,0.277,0.158,0.317,0.054,0.053,0.051,0.054,0.05,0.049,0.051,0.05,0.05,0.05,0.049,0.049,0.051,0.051,0.052,0.054,0.052,0.053,0.051,0.055,0.05,0.052,0.051,0.057
38.5,0.098,0.186,0.117,0.179,0.159,0.166,0.236,0.185,0.192,0.277,0.121,0.169,0.12,0.204,0.128,0.179,0.147,0.196,0.125,0.214,0.178,0.294,0.158,0.225,0.129,0.204,0.131,0.19,0.121,0.222,0.124,0.254,0.185,0.34,0.185,0.283,0.134,0.2,0.133,0.201,0.135,0.227,0.129,0.251,0.175,0.302,0.187,0.27,0.121,0.22,0.115,0.197,0.127,0.216,0.135,0.252,0.21,0.288,0.181,0.281,0.124,0.212,0.121,0.182,0.118,0.25,0.123,0.253,0.216,0.279,0.159,0.316,0.055,0.053,0.051,0.054,0.05,0.049,0.051,0.05,0.05,0.05,0.049,0.049,0.051,0.052,0.052,0.054,0.052,0.053,0.051,0.055,0.05,0.052,0.051,0.057
39,0.097,0.187,0.116,0.178,0.159,0.165,0.259,0.184,0.198,0.277,0.121,0.169,0.121,0.206,0.125,0.179,0.148,0.197,0.133,0.214,0.178,0.295,0.158,0.225,0.128,0.202,0.131,0.193,0.123,0.22,0.122,0.258,0.184,0.34,0.186,0.284,0.132,0.202,0.132,0.201,0.13,0.227,0.13,0.253,0.178,0.303,0.185,0.271,0.12,0.221,0.114,0.198,0.127,0.213,0.134,0.253,0.208,0.292,0.184,0.278,0.122,0.213,0.121,0.182,0.119,0.251,0.117,0.253,0.214,0.279,0.161,0.316,0.055,0.053,0.051,0.054,0.05,0.05,0.051,0.05,0.05,0.05,0.049,0.05,0.051,0.051,0.052,0.054,0.052,0.053,0.051,0.055,0.05,0.052,0.051,0.057
39.5,0.096,0.186,0.114,0.179,0.161,0.164,0.274,0.183,0.201,0.276,0.12,0.17,0.12,0.209,0.126,0.178,0.147,0.195,0.148,0.214,0.178,0.293,0.156,0.225,0.126,0.204,0.131,0.192,0.126,0.222,0.121,0.254,0.184,0.339,0.186,0.283,0.131,0.203,0.131,0.203,0.132,0.228,0.131,0.254,0.173,0.303,0.186,0.272,0.119,0.221,0.113,0.195,0.124,0.214,0.131,0.252,0.208,0.293,0.178,0.28,0.122,0.213,0.121,0.181,0.123,0.249,0.115,0.252,0.213,0.279,0.159,0.315,0.055,0.053,0.051,0.054,0.05,0.05,0.051,0.05,0.05,0.05,0.049,0.049,0.051,0.052,0.052,0.054,0.052,0.053,0.051,0.055,0.05,0.052,0.051,0.056
40,0.096,0.184,0.114,0.179,0.164,0.163,0.282,0.182,0.203,0.276,0.119,0.169,0.119,0.207,0.125,0.178,0.146,0.195,0.161,0.213,0.175,0.294,0.157,0.224,0.127,0.209,0.13,0.191,0.121,0.221,0.126,0.256,0.186,0.339,0.185,0.282,0.131,0.202,0.129,0.202,0.135,0.226,0.133,0.253,0.172,0.304,0.185,0.271,0.117,0.221,0.113,0.196,0.122,0.215,0.133,0.253,0.208,0.289,0.177,0.28,0.119,0.217,0.12,0.179,0.128,0.25,0.116,0.252,0.214,0.279,0.159,0.315,0.054,0.053,0.05,0.054,0.05,0.049,0.051,0.05,0.05,0.05,0.049,0.049,0.051,0.052,0.052,0.054,0.052,0.053,0.051,0.055,0.05,0.052,0.051,0.057
40.5,0.094,0.184,0.114,0.18,0.168,0.163,0.29,0.182,0.204,0.277,0.118,0.169,0.118,0.205,0.124,0.178,0.144,0.195,0.164,0.213,0.173,0.293,0.159,0.223,0.126,0.205,0.13,0.191,0.122,0.221,0.129,0.255,0.186,0.339,0.189,0.282,0.131,0.203,0.129,0.202,0.135,0.227,0.138,0.253,0.173,0.303,0.186,0.271,0.117,0.221,0.112,0.194,0.122,0.211,0.132,0.254,0.207,0.289,0.176,0.278,0.119,0.215,0.119,0.182,0.123,0.25,0.118,0.252,0.212,0.277,0.16,0.314,0.054,0.053,0.05,0.054,0.051,0.05,0.051,0.05,0.05,0.05,0.049,0.049,0.051,0.051,0.052,0.054,0.052,0.053,0.051,0.055,0.05,0.052,0.051,0.057
41,0.094,0.185,0.112,0.179,0.17,0.162,0.299,0.181,0.205,0.276,0.118,0.168,0.118,0.204,0.122,0.178,0.144,0.194,0.174,0.214,0.172,0.292,0.157,0.223,0.125,0.203,0.129,0.191,0.125,0.221,0.128,0.255,0.186,0.339,0.186,0.282,0.13,0.201,0.129,0.203,0.133,0.227,0.138,0.253,0.171,0.304,0.186,0.27,0.119,0.224,0.112,0.194,0.121,0.212,0.132,0.252,0.209,0.29,0.176,0.277,0.118,0.216,0.118,0.182,0.124,0.249,0.117,0.252,0.209,0.276,0.16,0.315,0.055,0.053,0.051,0.054,0.051,0.05,0.051,0.05,0.05,0.05,0.049,0.05,0.051,0.052,0.052,0.054,0.052,0.053,0.051,0.055,0.05,0.052,0.051,0.057
41.5,0.094,0.185,0.113,0.177,0.175,0.161,0.319,0.181,0.208,0.277,0.117,0.168,0.119,0.204,0.122,0.178,0.143,0.193,0.187,0.213,0.173,0.292,0.157,0.224,0.123,0.207,0.129,0.191,0.134,0.221,0.123,0.253,0.186,0.338,0.186,0.282,0.13,0.206,0.128,0.2,0.134,0.226,0.132,0.251,0.171,0.304,0.185,0.27,0.117,0.228,0.111,0.194,0.126,0.212,0.128,0.25,0.207,0.291,0.175,0.278,0.118,0.216,0.117,0.184,0.122,0.25,0.115,0.249,0.208,0.275,0.158,0.315,0.055,0.053,0.051,0.054,0.051,0.049,0.051,0.05,0.05,0.05,0.049,0.05,0.051,0.052,0.052,0.054,0.052,0.053,0.051,0.055,0.051,0.052,0.051,0.057
42,0.094,0.184,0.113,0.177,0.18,0.161,0.333,0.18,0.209,0.277,0.117,0.168,0.116,0.206,0.122,0.178,0.144,0.193,0.199,0.211,0.174,0.292,0.156,0.224,0.124,0.204,0.129,0.191,0.134,0.219,0.124,0.253,0.186,0.339,0.189,0.282,0.128,0.208,0.128,0.202,0.134,0.226,0.133,0.25,0.171,0.302,0.185,0.27,0.115,0.228,0.11,0.195,0.124,0.213,0.127,0.251,0.207,0.289,0.175,0.278,0.117,0.218,0.116,0.183,0.12,0.249,0.114,0.249,0.206,0.277,0.158,0.315,0.055,0.053,0.051,0.054,0.051,0.05,0.051,0.05,0.05,0.05,0.049,0.05,0.051,0.052,0.052,0.054,0.052,0.054,0.051,0.055,0.05,0.052,0.051,0.057
42.5,0.092,0.183,0.112,0.176,0.186,0.16,0.35,0.179,0.213,0.277,0.117,0.169,0.118,0.205,0.122,0.177,0.144,0.192,0.213,0.212,0.172,0.292,0.155,0.224,0.123,0.204,0.129,0.19,0.129,0.219,0.126,0.251,0.185,0.339,0.187,0.282,0.128,0.207,0.127,0.203,0.132,0.226,0.134,0.25,0.171,0.301,0.184,0.27,0.114,0.231,0.11,0.193,0.123,0.213,0.13,0.25,0.205,0.289,0.175,0.277,0.116,0.218,0.115,0.185,0.121,0.248,0.112,0.248,0.205,0.276,0.157,0.315,0.054,0.053,0.05,0.053,0.05,0.049,0.051,0.05,0.05,0.05,0.049,0.05,0.051,0.052,0.052,0.054,0.052,0.053,0.051,0.055,0.05,0.052,0.051,0.056
43,0.091,0.183,0.111,0.177,0.194,0.159,0.359,0.179,0.219,0.276,0.116,0.169,0.117,0.203,0.12,0.177,0.147,0.192,0.219,0.211,0.172,0.291,0.156,0.224,0.122,0.204,0.129,0.19,0.132,0.219,0.126,0.251,0.183,0.338,0.186,0.282,0.129,0.206,0.126,0.2,0.13,0.227,0.134,0.25,0.173,0.303,0.184,0.27,0.114,0.228,0.109,0.193,0.125,0.212,0.132,0.249,0.207,0.288,0.175,0.277,0.115,0.216,0.114,0.181,0.119,0.249,0.111,0.249,0.204,0.275,0.158,0.314,0.054,0.053,0.05,0.053,0.05,0.049,0.051,0.05,0.05,0.05,0.049,0.049,0.051,0.051,0.052,0.054,0.052,0.053,0.051,0.055,0.05,0.052,0.051,0.057
43.5,0.092,0.183,0.11,0.177,0.199,0.159,0.363,0.178,0.229,0.276,0.116,0.168,0.115,0.204,0.119,0.177,0.15,0.191,0.221,0.209,0.171,0.291,0.155,0.223,0.121,0.206,0.128,0.19,0.145,0.219,0.127,0.25,0.181,0.339,0.185,0.282,0.128,0.201,0.126,0.203,0.132,0.227,0.134,0.25,0.172,0.305,0.183,0.27,0.115,0.225,0.108,0.194,0.124,0.21,0.13,0.248,0.208,0.289,0.176,0.278,0.114,0.216,0.114,0.182,0.122,0.249,0.111,0.249,0.203,0.275,0.157,0.315,0.055,0.053,0.051,0.054,0.05,0.05,0.051,0.05,0.05,0.05,0.049,0.05,0.051,0.052,0.052,0.054,0.052,0.053,0.051,0.055,0.05,0.052,0.051,0.057
44,0.091,0.183,0.11,0.175,0.204,0.159,0.368,0.178,0.235,0.276,0.117,0.168,0.115,0.203,0.119,0.177,0.151,0.19,0.227,0.211,0.17,0.288,0.155,0.223,0.121,0.204,0.128,0.188,0.153,0.218,0.126,0.248,0.18,0.339,0.184,0.282,0.128,0.204,0.126,0.203,0.132,0.227,0.135,0.247,0.17,0.304,0.183,0.27,0.114,0.224,0.108,0.193,0.127,0.211,0.127,0.248,0.206,0.288,0.174,0.278,0.113,0.214,0.114,0.184,0.125,0.249,0.111,0.248,0.203,0.276,0.156,0.314,0.055,0.053,0.051,0.054,0.051,0.05,0.051,0.05,0.05,0.05,0.049,0.049,0.051,0.052,0.052,0.054,0.052,0.053,0.051,0.055,0.05,0.052,0.051,0.057
44.5,0.09,0.183,0.108,0.175,0.206,0.158,0.366,0.178,0.237,0.276,0.116,0.168,0.115,0.202,0.118,0.176,0.15,0.19,0.232,0.209,0.167,0.289,0.155,0.223,0.12,0.203,0.127,0.188,0.148,0.219,0.128,0.247,0.18,0.337,0.183,0.282,0.127,0.205,0.125,0.201,0.134,0.227,0.135,0.247,0.17,0.303,0.183,0.271,0.113,0.227,0.107,0.194,0.127,0.212,0.127,0.248,0.206,0.287,0.173,0.278,0.112,0.214,0.113,0.185,0.123,0.247,0.113,0.248,0.202,0.275,0.156,0.314,0.055,0.053,0.051,0.053,0.05,0.05,0.051,0.05,0.05,0.05,0.049,0.05,0.051,0.052,0.052,0.054,0.052,0.053,0.051,0.055,0.05,0.052,0.051,0.057
45,0.09,0.182,0.108,0.175,0.212,0.157,0.37,0.179,0.24,0.275,0.113,0.168,0.114,0.204,0.118,0.176,0.149,0.19,0.236,0.208,0.166,0.29,0.155,0.223,0.118,0.203,0.127,0.188,0.152,0.218,0.131,0.248,0.18,0.338,0.183,0.283,0.127,0.205,0.125,0.2,0.132,0.229,0.136,0.247,0.172,0.303,0.183,0.27,0.111,0.223,0.106,0.192,0.13,0.21,0.129,0.247,0.206,0.287,0.174,0.278,0.112,0.212,0.112,0.187,0.12,0.248,0.114,0.248,0.203,0.275,0.156,0.314,0.054,0.053,0.05,0.053,0.05,0.049,0.051,0.05,0.05,0.05,0.049,0.049,0.051,0.051,0.052,0.054,0.052,0.053,0.051,0.055,0.05,0.052,0.051,0.057
45.5,0.089,0.181,0.108,0.175,0.214,0.157,0.37,0.178,0.242,0.275,0.11,0.168,0.113,0.203,0.117,0.175,0.149,0.189,0.24,0.208,0.165,0.289,0.156,0.223,0.118,0.205,0.128,0.187,0.163,0.219,0.132,0.248,0.181,0.339,0.184,0.283,0.127,0.204,0.125,0.202,0.131,0.228,0.135,0.246,0.171,0.304,0.182,0.27,0.11,0.224,0.106,0.195,0.134,0.21,0.129,0.248,0.206,0.289,0.173,0.279,0.112,0.212,0.112,0.183,0.119,0.249,0.114,0.248,0.202,0.276,0.155,0.314,0.055,0.053,0.051,0.054,0.051,0.05,0.051,0.051,0.05,0.05,0.049,0.05,0.051,0.052,0.052,0.054,0.052,0.053,0.051,0.055,0.051,0.052,0.051,0.057
46,0.089,0.182,0.107,0.176,0.219,0.157,0.369,0.176,0.243,0.275,0.109,0.168,0.114,0.2,0.116,0.175,0.149,0.188,0.245,0.21,0.165,0.289,0.156,0.222,0.117,0.207,0.126,0.188,0.168,0.22,0.135,0.246,0.18,0.338,0.184,0.283,0.127,0.202,0.124,0.201,0.132,0.227,0.135,0.246,0.17,0.304,0.18,0.27,0.11,0.224,0.105,0.195,0.132,0.211,0.128,0.248,0.207,0.287,0.172,0.279,0.11,0.213,0.111,0.186,0.119,0.249,0.112,0.248,0.2,0.276,0.154,0.313,0.055,0.053,0.051,0.054,0.051,0.05,0.051,0.05,0.05,0.05,0.049,0.05,0.051,0.052,0.052,0.054,0.052,0.053,0.051,0.055,0.05,0.052,0.051,0.057
46.5,0.088,0.181,0.108,0.177,0.224,0.156,0.367,0.176,0.245,0.275,0.108,0.168,0.113,0.203,0.117,0.174,0.149,0.189,0.249,0.209,0.167,0.29,0.154,0.222,0.117,0.206,0.126,0.186,0.172,0.22,0.137,0.246,0.179,0.338,0.184,0.283,0.127,0.203,0.122,0.199,0.136,0.227,0.136,0.245,0.169,0.303,0.181,0.27,0.109,0.225,0.105,0.196,0.133,0.21,0.126,0.247,0.206,0.287,0.171,0.279,0.109,0.213,0.111,0.184,0.119,0.249,0.112,0.248,0.2,0.275,0.153,0.313,0.054,0.053,0.05,0.053,0.05,0.049,0.051,0.05,0.05,0.05,0.049,0.049,0.051,0.051,0.052,0.054,0.052,0.053,0.051,0.055,0.05,0.052,0.051,0.057
47,0.087,0.181,0.109,0.177,0.233,0.155,0.366,0.175,0.247,0.276,0.107,0.168,0.112,0.205,0.117,0.175,0.151,0.189,0.254,0.207,0.165,0.29,0.154,0.223,0.117,0.205,0.126,0.188,0.179,0.219,0.142,0.246,0.179,0.338,0.184,0.283,0.126,0.204,0.122,0.202,0.141,0.226,0.136,0.245,0.169,0.303,0.181,0.27,0.109,0.225,0.104,0.198,0.133,0.209,0.126,0.249,0.206,0.288,0.171,0.279,0.109,0.212,0.111,0.183,0.119,0.249,0.114,0.248,0.198,0.276,0.154,0.313,0.055,0.053,0.051,0.054,0.051,0.05,0.051,0.05,0.05,0.05,0.049,0.05,0.051,0.052,0.052,0.054,0.052,0.054,0.051,0.055,0.05,0.052,0.051,0.057
47.5,0.087,0.18,0.108,0.176,0.237,0.154,0.366,0.174,0.249,0.276,0.106,0.168,0.111,0.203,0.116,0.174,0.154,0.189,0.258,0.208,0.165,0.289,0.152,0.222,0.117,0.204,0.124,0.186,0.185,0.219,0.146,0.245,0.179,0.339,0.183,0.282,0.125,0.205,0.122,0.202,0.149,0.225,0.136,0.245,0.168,0.303,0.182,0.271,0.109,0.224,0.104,0.199,0.133,0.209,0.128,0.249,0.205,0.288,0.171,0.277,0.109,0.213,0.11,0.183,0.119,0.248,0.115,0.248,0.197,0.276,0.153,0.313,0.054,0.053,0.051,0.054,0.05,0.049,0.051,0.05,0.05,0.05,0.049,0.049,0.051,0.052,0.052,0.054,0.052,0.053,0.051,0.055,0.05,0.052,0.051,0.057
48,0.086,0.18,0.107,0.176,0.243,0.153,0.365,0.174,0.249,0.276,0.106,0.167,0.111,0.204,0.115,0.174,0.156,0.19,0.263,0.208,0.164,0.289,0.152,0.222,0.115,0.204,0.123,0.187,0.194,0.219,0.15,0.245,0.18,0.338,0.183,0.282,0.124,0.203,0.121,0.201,0.156,0.225,0.136,0.245,0.167,0.303,0.182,0.269,0.108,0.224,0.104,0.197,0.133,0.209,0.129,0.248,0.205,0.29,0.171,0.277,0.108,0.214,0.11,0.183,0.118,0.248,0.116,0.249,0.198,0.275,0.154,0.314,0.055,0.053,0.05,0.053,0.051,0.05,0.051,0.05,0.05,0.05,0.049,0.05,0.051,0.052,0.052,0.054,0.052,0.053,0.051,0.055,0.05,0.052,0.051,0.057
